annotation_record_id,source_family,source_id,source_project_id,source_parent_id,project_title,project_description,country_name,country_iso3,region_name,commitment_year,sector_code,sector_name,theme_or_intent,infrastructure_flag,finance_type,flow_class,implementation_status,location_text,source_url,recommended_for_aggregates,umbrella_flag,annotation_universe_flag,text_bundle_for_annotation
f9ed03cf92a2f027,,,62771,,"[Cancelled] China Eximbank contributes $12.75 million to Tranche B of buyer's credit for acquisition of H1310 shipping vessel (Linked to Record ID#62839, #62841, and #73609)","On October 12, 2015, China Exim Bank along with ABN AMRO Bank N.V. signed a loan agreement with SBI Puro Shipping Company Limited, SBI Valrico Shipping Company Limited, and SBI Maduro Shipping Company Limited, each a subsidiary of Scorpio Bulkers Inc. and a company incorporated under the laws of the Republic of the Marshall Islands. Under the agreement, China EXIM Bank and ABN AMRO Bank N.V. agreed to each provide $38,250,000 to finance part of the purchase price of three vessels and refinance the SBI Puro Indebtedness.  The loan by China EXIM Bank is divided into three tranches, A, B, and C, worth $25,500,000 for each vessel: vessel A, the 180,000 dwt capesize bulk carrier m.v. 'SBI PURO' (tranche A); vessel B (H1310) (tranche B); and vessel C (H1311) (tranche C). SBI Puro Shipping Company is receiving vessel A, SBI Valrico Shipping Company Limited is receiving vessel B, and SBI Maduro Shipping Company Limited is receiving vessel C. This project records Tranche B, $25,500,000 for H1310, half of which, $12,750,000, is committed by China EXIM Bank.   Sinosure, China Export & Credit Insurance Corporation, has agreed to provide a buyer's credit insurance policy covering up to 90% of the political and commercial risks associated with each tranche. On April 1, 2013, Shanghai Waigaoqiao Shipbuilding Co., Ltd. entered into building contracts with SBI Valrico Shipping Company Limited and SBI Maduro Shipping Company Limited to construct Vessel H1310 and Vessel H1311 for and deliver them to the relevant sellers, Great Wave Navigation 2 Ltd. and Great Wave Navigation 3 Ltd.   On January 6, 2014, the memoranda of the agreements of the terms and conditions on the selling of the vessels were signed. The contract price of each vessel is $56,500,000. According to section 5.3.4 of '$76,500,000 Secured Loan Agreement', the amount of each lender's participation in any tranche will be equal to the proportion borne by its commitment to the total commitments, so the proportion of involvement of China EXIM Bank in each tranche is 50%. The amount of each tranche is $25,500,000 and China EXIM Bank provides accordingly $12,750,000.   The interest rate is calculated as LIBOR rate (0.528% as the average of 6 months in October 2015) + margin (2.5%) = 3.028%. The first installment in respect of Tranche B falls due on the 21st day of the last month of the next financial quarter, thus the grace period for each tranche is 3 months. The maturity date for tranche B is the date falling ten years after the delivery date of H1310, which was planned in 2015, thus the maturity date was planned to be in 2025.   During November 2015, Scorpio Bulkers Inc. drew down $25,500,000 relating to the delivery of one of the vessels. Pursuant to the three vessels collateralizing this facility being classified as held-for-sale in November 2015, this facility was canceled in December 2015 and the $25,500,000 was repaid. According to 'SCORPIO BULKERS INC. ANNOUNCES FINANCIAL RESULTS FOR THE THIRD QUARTER OF 2015', a Capesize vessel named SBI Valrico was delivered from Shanghai Waigaoqiao Shipbuilding Co., Ltd. between July 1, 2015 and October 29, 2015 while there was no record of vessel delivery of SBI Puro nor SBI Maduro. Therefore, the drawn down and repaid $25,500,000 is identified with tranche B.   This project status is cancelled.   This project is linked to Record ID#s #62839 (Tranche A), #62841(Tranche C), and Record ID#73609, which records the amount disbursed before the facility's cancellation.",Marshall Islands,MHL,Oceania,2015,210,TRANSPORT AND STORAGE,Commercial,Yes,Loan,OOF,Cancelled,,,No,No,true,"Title: [Cancelled] China Eximbank contributes $12.75 million to Tranche B of buyer's credit for acquisition of H1310 shipping vessel (Linked to Record ID#62839, #62841, and #73609)
Description: On October 12, 2015, China Exim Bank along with ABN AMRO Bank N.V. signed a loan agreement with SBI Puro Shipping Company Limited, SBI Valrico Shipping Company Limited, and SBI Maduro Shipping Company Limited, each a subsidiary of Scorpio Bulkers Inc. and a company incorporated under the laws of the Republic of the Marshall Islands. Under the agreement, China EXIM Bank and ABN AMRO Bank N.V. agreed to each provide $38,250,000 to finance part of the purchase price of three vessels and refinance the SBI Puro Indebtedness. The loan by China EXIM Bank is divided into three tranches, A, B, and C, worth $25,500,000 for each vessel: vessel A, the 180,000 dwt capesize bulk carrier m.v. 'SBI PURO' (tranche A); vessel B (H1310) (tranche B); and vessel C (H1311) (tranche C). SBI Puro Shipping Company is receiving vessel A, SBI Valrico Shipping Company Limited is receiving vessel B, and SBI Maduro Shipping Company Limited is receiving vessel C. This project records Tranche B, $25,500,000 for H1310, half of which, $12,750,000, is committed by China EXIM Bank. Sinosure, China Export & Credit Insurance Corporation, has agreed to provide a buyer's credit insurance policy covering up to 90% of the political and commercial risks associated with each tranche. On April 1, 2013, Shanghai Waigaoqiao Shipbuilding Co., Ltd. entered into building contracts with SBI Valrico Shipping Company Limited and SBI Maduro Shipping Company Limited to construct Vessel H1310 and Vessel H1311 for and deliver them to the relevant sellers, Great Wave Navigation 2 Ltd. and Great Wave Navigation 3 Ltd. On January 6, 2014, the memoranda of the agreements of the terms and conditions on the selling of the vessels were signed. The contract price of each vessel is $56,500,000. According to section 5.3.4 of '$76,500,000 Secured Loan Agreement', the amount of each lender's participation in any tranche will be equal to the proportion borne by its commitment to the total commitments, so the proportion of involvement of China EXIM Bank in each tranche is 50%. The amount of each tranche is $25,500,000 and China EXIM Bank provides accordingly $12,750,000. The interest rate is calculated as LIBOR rate (0.528% as the average of 6 months in October 2015) + margin (2.5%) = 3.028%. The first installment in respect of Tranche B falls due on the 21st day of the last month of the next financial quarter, thus the grace period for each tranche is 3 months. The maturity date for tranche B is the date falling ten years after the delivery date of H1310, which was planned in 2015, thus the maturity date was planned to be in 2025. During November 2015, Scorpio Bulkers Inc. drew down $25,500,000 relating to the delivery of one of the vessels. Pursuant to the three vessels collateralizing this facility being classified as held-for-sale in November 2015, this facility was canceled in December 2015 and the $25,500,000 was repaid. According to 'SCORPIO BULKERS INC. ANNOUNCES FINANCIAL RESULTS FOR THE THIRD QUARTER OF 2015', a Capesize vessel named SBI Valrico was delivered from Shanghai Waigaoqiao Shipbuilding Co., Ltd. between July 1, 2015 and October 29, 2015 while there was no record of vessel delivery of SBI Puro nor SBI Maduro. Therefore, the drawn down and repaid $25,500,000 is identified with tranche B. This project status is cancelled. This project is linked to Record ID#s #62839 (Tranche A), #62841(Tranche C), and Record ID#73609, which records the amount disbursed before the facility's cancellation.
Country: Marshall Islands
Region: Oceania
Sector: TRANSPORT AND STORAGE
Sector code: 210
Theme/intent: Commercial
Infrastructure: Yes
Finance type: Loan
Flow class: OOF
Status: Cancelled"
1797cb3c0e577a03,,,93292,,Chinese Embassy donates anti-epidemic materials to National Assembly of Benin,"On July 3, 2020, the Embassy of China in Benin made a donation of anti-epidemic materials to the National Assembly of Benin. Ambassador Peng Jintao and First Deputy Speaker Mariama Chabi represented the two organizations. The shipment consisted of 5,000 single-use medical masks, 40 500 mL bottles of hydro-alcoholic gel, five 25 liter cans of 80% alcohol, and five spray bottles for disinfecting. This donation was intended to aid the Government of Benin in its fight agains the COVID-19 pandemic.",Benin,BEN,Africa,2020,120,HEALTH,Development,,Grant,ODA,Completion,"This project involved donating anti-epidemic materials to the Benin National Assembly (l'Assemblée nationale du Bénin). For more detailed locational information, see: https://www.openstreetmap.org/way/822420629. ",,Yes,No,true,"Title: Chinese Embassy donates anti-epidemic materials to National Assembly of Benin
Description: On July 3, 2020, the Embassy of China in Benin made a donation of anti-epidemic materials to the National Assembly of Benin. Ambassador Peng Jintao and First Deputy Speaker Mariama Chabi represented the two organizations. The shipment consisted of 5,000 single-use medical masks, 40 500 mL bottles of hydro-alcoholic gel, five 25 liter cans of 80% alcohol, and five spray bottles for disinfecting. This donation was intended to aid the Government of Benin in its fight agains the COVID-19 pandemic.
Country: Benin
Region: Africa
Sector: HEALTH
Sector code: 120
Theme/intent: Development
Finance type: Grant
Flow class: ODA
Status: Completion
Location: This project involved donating anti-epidemic materials to the Benin National Assembly (l'Assemblée nationale du Bénin). For more detailed locational information, see: https://www.openstreetmap.org/way/822420629."
63add559ce4b9f9c,,,90578,,16 Argentine police officers attend security training in China in 2019,"From December 5th to 19th, 2019, 16 police officers from the Argentine Police Department of Córdoba Province attended a security training at a Municipal Police Vocational Training College (市警察职业培训学院) in Jinan, China. The training was organized by the China Ministry of Public Security. A closing ceremony was held two days early, on the 17th. ",Argentina,ARG,America,2019,150,GOVERNMENT AND CIVIL SOCIETY,Development,,Scholarships/training in the donor country,ODA,Completion,"Jinan City, China: https://www.openstreetmap.org/relation/3486449",,Yes,No,true,"Title: 16 Argentine police officers attend security training in China in 2019
Description: From December 5th to 19th, 2019, 16 police officers from the Argentine Police Department of Córdoba Province attended a security training at a Municipal Police Vocational Training College (市警察职业培训学院) in Jinan, China. The training was organized by the China Ministry of Public Security. A closing ceremony was held two days early, on the 17th.
Country: Argentina
Region: America
Sector: GOVERNMENT AND CIVIL SOCIETY
Sector code: 150
Theme/intent: Development
Finance type: Scholarships/training in the donor country
Flow class: ODA
Status: Completion
Location: Jinan City, China: https://www.openstreetmap.org/relation/3486449"
